Post Title,Post URL,Post Date,Number of Comments,Author
2024 Golden Globe Winners (Full List): 'Poor Things' & 'Oppenheimer' Win Best Picture Awards,https://deadline.com/2024/01/2024-golden-globes-winners-1235697375/,2024-01-08 04:03:09,671,MarvelsGrantMan136
Official Golden Globes 2024 Discussion,https://www.reddit.com/r/movies/comments/19182r4/official_golden_globes_2024_discussion/,2024-01-08 00:55:21,4536,LiteraryBoner
"Astra Film Awards: ‘Barbie’ Wins Eight Awards, Including Best Picture",https://www.hollywoodreporter.com/movies/movie-news/astra-film-awards-2024-winners-barbie-color-purple-american-fiction-1235781072/,2024-01-07 22:42:46,198,zohaibshikrani
"‘Ferrari,’ ‘Barbie,’ ‘Killers of the Flower Moon,’ ‘Taylor Swift: The Eras Tour’ Among Cinema Audio Society Nominations",https://variety.com/2024/artisans/news/cinema-audio-society-2024-nominations-1235865872/,2024-01-09 17:48:33,0,Fan387
"LA Times 2023 Actress Roundtable: America Ferrera (Barbie), Emily Blunt (Oppenheimer), Fantasia (The Color Purple), Julianne Moore (May December), Sandra Hüller (Anatomy of a Fall + The Zone of Interest) & Eve Hewson (Flora and Son)",https://www.youtube.com/watch?v=bhdoawJewd0,2024-01-02 02:36:56,6,joesen_one
National Society of Film Critics Voting Underway,https://www.reddit.com/r/movies/comments/1908x7w/national_society_of_film_critics_voting_underway/,2024-01-06 20:12:47,0,zohaibshikrani
"THR Full Directors Roundtable 2024: Bradley Cooper (Maestro), Greta Gerwig (Barbie), Michael Mann (Ferrari), Ava DuVernay (Origin), Blitz Bazawule (The Color Purple) & Todd Haynes (May December)",https://www.youtube.com/watch?v=_0c3H3r4sOw,2024-01-08 14:02:16,4,joesen_one
America Ferrera and the ‘Barbie’ Monologue We All Talked About,https://www.nytimes.com/2024/01/01/movies/america-ferrera-barbie.html,2024-01-03 00:10:14,699,Sisiwakanamaru
Life-Changing Movies,https://www.reddit.com/r/movies/comments/1913h47/lifechanging_movies/,2024-01-07 21:43:06,12,Ok_Influence2058
Oscars: 265 Feature Films in Contention for This Year’s Best Picture Award,https://www.reddit.com/r/movies/comments/191yt8m/oscars_265_feature_films_in_contention_for_this/,2024-01-08 22:57:54,1,zohaibshikrani
Which movies do you predict will get nominated (and win) at the 96th Oscars?,https://www.reddit.com/r/movies/comments/18vxgig/which_movies_do_you_predict_will_get_nominated/,2024-01-01 14:08:43,584,Ok-Impress-2222
Favorite scene of the year?,https://www.reddit.com/r/movies/comments/18vjnse/favorite_scene_of_the_year/,2023-12-31 23:15:37,20,Lior375
"Between First Blood, Rocky, Cliffhanger, Rocky IV, and Creed, Sylvester Stallone has excelled in movies that feature him in freezing conditions, On average, these movies make more money and have higher critical/user scores than the films in which he’s slightly chilly or mostly in a warm climate.",https://www.reddit.com/r/movies/comments/18z9fns/between_first_blood_rocky_cliffhanger_rocky_iv/,2024-01-05 15:26:40,69,LundgrensFrontKick
Compiled list of lists of best movies of 2023,https://www.reddit.com/r/movies/comments/18vx5x5/compiled_list_of_lists_of_best_movies_of_2023/,2024-01-01 13:52:16,31,Lang-Poot
When Barbie Meets Oppenheimer: Margot Robbie and Cillian Murphy Discuss Their Blockbuster Hits in Epic ‘Barbenheimer’ Conversation,https://variety.com/2023/film/features/cillian-murphy-margot-robbie-barbenheimer-memes-box-office-success-1235820469/,2023-12-05 16:07:43,375,KillerCroc1234567
I saw 54 movies in a theater this year. Here is my personal Ranking list,https://www.reddit.com/r/movies/comments/18sya1v/i_saw_54_movies_in_a_theater_this_year_here_is_my/,2023-12-28 16:43:14,554,my_simple_review_
I saw 325 movies in theaters in 2023. Here is my full ranking.,https://www.reddit.com/r/movies/comments/18v7k6g/i_saw_325_movies_in_theaters_in_2023_here_is_my/,2023-12-31 13:16:18,324,BunyipPouch
Oscar Shortlists Announced for 10 Categories: ‘Barbie’ Leads the Way,https://variety.com/2023/film/awards/2024-oscars-shortlist-barbie-1235843930/,2023-12-21 19:03:14,565,MarvelsGrantMan136
Dream Scenario.,https://www.reddit.com/r/movies/comments/18q9rl1/dream_scenario/,2023-12-25 02:45:54,2,Gladysfartz
"We went to the movies 55 times this year, and here are my personal feelings about those films.",https://www.reddit.com/r/movies/comments/18s4re1/we_went_to_the_movies_55_times_this_year_and_here/,2023-12-27 16:35:51,341,egnards
"Ryan Gosling Unveils ‘Ken The EP,’ Featuring Three New Versions of “I’m Just Ken” from ‘Barbie’",https://www.hollywoodreporter.com/news/music-news/ryan-gosling-ken-the-ep-new-im-just-ken-versions-barbie-1235766554/,2023-12-20 14:02:19,52,KillerCroc1234567
"St. Louis Film Critics Association (StLFCA): ‘Oppenheimer’ Wins 7 including Best Picture, Director, Actor",https://awardswatch.com/st-louis-film-critics-association-stlfca-oppenheimer-wins-7-including-best-picture-director-actor/,2023-12-19 03:50:22,2,Fan387
Is this a new phenomenon? Almost none of the awards contender movies getting wide theatrical releases,https://www.reddit.com/r/movies/comments/18kf55q/is_this_a_new_phenomenon_almost_none_of_the/,2023-12-17 11:10:20,49,Southern_Schedule466
Official Discussion - Maestro [SPOILERS],https://www.reddit.com/r/movies/comments/18o4y6w/official_discussion_maestro_spoilers/,2023-12-22 03:05:06,441,LiteraryBoner
"James Cameron and Greta Gerwig Break Down the ‘Triumph’ of ‘Barbie,’ Blockbuster Success and the ‘Incredibly Brave’ Ryan Gosling",https://variety.com/2023/film/features/greta-gerwig-james-cameron-barbie-ambitious-projects-1235821557/,2023-12-15 18:01:13,183,KillerCroc1234567
What’s your Top 10 movies of 2023?,https://www.reddit.com/r/movies/comments/18iue79/whats_your_top_10_movies_of_2023/,2023-12-15 07:10:42,61,AliMans05
Critics Choice Nominations: ‘Barbie’ Breaks All-Time Record With 18,https://variety.com/2023/film/awards/critics-choice-nominations-full-list-barbie-1235835620/,2023-12-13 15:32:00,239,CraftRemarkable7197
Movies that have made you cry?,https://www.reddit.com/r/movies/comments/18ltlb9/movies_that_have_made_you_cry/,2023-12-19 04:50:52,147,Suspicious-Ebb4284
The rudimentary feminism of Barbie,https://www.reddit.com/r/movies/comments/18fe5ia/the_rudimentary_feminism_of_barbie/,2023-12-10 21:40:03,762,retrosaurus-movies
The 10 Most Searched Movies on Google in 2023,https://www.reddit.com/r/movies/comments/18fpuj7/the_10_most_searched_movies_on_google_in_2023/,2023-12-11 08:27:45,2,naaz0412
'Oppenheimer' Will Be Released in Japan in 2024,https://theriver.jp/oppehmeimer-2024-jp/,2023-12-07 02:00:55,890,MarvelsGrantMan136
I built a fantasy box office game,https://www.reddit.com/r/movies/comments/18kmb15/i_built_a_fantasy_box_office_game/,2023-12-17 17:26:35,5,Chris_Tennant
Movies that cover a real life historical event from start to finish,https://www.reddit.com/r/movies/comments/18ioamw/movies_that_cover_a_real_life_historical_event/,2023-12-15 01:24:34,95,Thetallguy1
Favorite scenes from 2023,https://www.reddit.com/r/movies/comments/18hpfc8/favorite_scenes_from_2023/,2023-12-13 19:50:08,63,vampyrist
"‘Avatar: The Way Of Water’, ‘Oppenheimer’, ‘Star Trek’ Series Lead Nominations For Genre-Focused Saturn Awards",https://deadline.com/2023/12/saturn-awards-nominations-list-movies-tv-1235654052/,2023-12-06 19:46:00,8,ElderCunningham
‘Oppenheimer’ Director Christopher Nolan Awarded BFI Fellowship,https://variety.com/2023/film/global/christopher-nolan-bfi-fellowship-1235816111/,2023-12-04 00:06:03,19,MarvelsGrantMan136
Robert Downey Jr.’s Third Act: ‘Oppenheimer’ Is Just the Beginning,https://www.vanityfair.com/hollywood/2023/12/robert-downey-jr-cover-story,2023-12-03 17:56:05,723,lawrencedun2002
"One of the biggest laughs in 'Barbie' comes from the movie's final line. There have been a ton of films with memorable last lines, but is there one that's funnier?",https://www.reddit.com/r/movies/comments/18cxgrf/one_of_the_biggest_laughs_in_barbie_comes_from/,2023-12-07 15:01:54,1189,Mackin-N-Cheese
"Why did this line relieve the stress in the film's most intense scene: ""If we did it, they would have to do it! Our efforts would only fuel their efforts, just as it had with the atomic bomb!""?",https://www.reddit.com/r/movies/comments/18ddtng/why_did_this_line_relieve_the_stress_in_the_films/,2023-12-08 03:45:00,2,ottolouis
"AFI Awards: ‘Barbie’ and ‘Spider-Verse’ Among 10 Best Films, Top TV Shows Include ‘Jury Duty’ and ‘Last of Us’",https://variety.com/2023/film/awards/afi-awards-top-10-2023-barbie-spider-verse-maestro-oppenheimer-1235827582/,2023-12-07 19:01:12,4,KillerCroc1234567
"Michigan Movie Critics Guild (MMCG) Winners: ‘Barbie’ is Best Picture, Jeffrey Wright and Paul Giamatti Tie for Best Actor",https://awardswatch.com/michigan-movie-critics-guild-mmcg-winners-barbie-is-best-picture-jeffrey-wright-and-paul-giamatti-tie-for-best-actor/,2023-12-05 02:24:13,2,KevinPReed
Have an excess of generic franchise movies made solid or mediocre movies into something more highly regarded?,https://www.reddit.com/r/movies/comments/18ckk7z/have_an_excess_of_generic_franchise_movies_made/,2023-12-07 01:58:55,3,theguywhosaidhi16
Christopher Nolan 'Oppenheimer' home video release | Full AP interview,https://youtu.be/GknbfwhwrVs?si=d4szbCHZeD4TM_xm,2023-11-25 16:02:04,16,Chemical-Ad-2694
Mad props to the Oppenheimer blu-ray team.,https://www.reddit.com/r/movies/comments/182e73l/mad_props_to_the_oppenheimer_bluray_team/,2023-11-23 23:42:19,371,PoeBangangeron
"I for one, welcome the age of Josh Hartnett's comeback",https://www.reddit.com/r/movies/comments/18736ei/i_for_one_welcome_the_age_of_josh_hartnetts/,2023-11-29 23:18:28,131,SnooWoofers7345
How do Video and Audio Sync Up Perfectly from Different Takes?,https://www.reddit.com/r/movies/comments/185yp57/how_do_video_and_audio_sync_up_perfectly_from/,2023-11-28 15:30:32,12,WhimzicalWhizard
"‘Barbie,’ ‘Oppenheimer’ Among Top Artisan Awards Season Contenders",https://variety.com/2023/artisans/news/barbie-oppenheimer-top-oscars-artisan-awards-season-contenders-1235784680/,2023-11-10 17:37:02,3,Chemical-Ad-2694
How Christopher Nolan Recreated the Trinity Test for 'Oppenheimer',https://youtu.be/0MM9a9HCOoc?si=WtYFmuheBRFkQeQv,2023-11-08 16:54:23,38,Restore_Plantagenets
"Christopher Nolan on ‘Oppenheimer’ Dominance, What Comes Next and Being ‘Totally’ Open to Returning to Warner Bros.",https://variety.com/2023/film/features/christopher-nolan-oppenheimer-warner-bros-feud-next-project-1235782516/,2023-11-08 16:03:15,166,indig0sixalpha
"Warner Bros. Discovery Narrows Q3 Loss, But ‘Barbie’ Success Tempered by Advertising Declines",https://variety.com/2023/tv/news/warner-bros-discovery-q3-loss-barbie-advertising-1235784028/,2023-11-08 12:18:56,9,Chemical-Ad-2694
Best movies of 2023 so far??,https://www.reddit.com/r/movies/comments/17plfu1/best_movies_of_2023_so_far/,2023-11-07 03:36:03,194,daidi0t
Christopher Nolan’s ‘Oppenheimer’ Sets Imax Re-Release on November 3 After Huge $183 Million Summer Run,https://variety.com/2023/film/news/christopher-nolan-oppenheimer-imax-re-release-1235774308/,2023-10-31 16:01:56,689,MarvelsGrantMan136
There's a lot to unpack in the Barbie movie but I want to focus on Ken,https://www.reddit.com/r/movies/comments/17kp6j7/theres_a_lot_to_unpack_in_the_barbie_movie_but_i/,2023-10-31 16:34:01,268,marginal_gain
"Some movies theatres are playing movies from Martin Scorsese, Chris Nolan and David Fincher at the same time as of this weekend.",https://www.reddit.com/r/movies/comments/17nxii8/some_movies_theatres_are_playing_movies_from/,2023-11-04 22:35:49,9,littlelordfROY
"AP: Horror icon John Carpenter on being a college dropout, 'Barbie' and telling true scary stories",https://apnews.com/article/john-carpenter-suburban-screams-48a8ffdd8b30c0f2f22fbfe57a72bb5f,2023-10-27 22:14:22,28,AlexanderLavender
Imax Swings to Third-Quarter Profit on Higher Revenue and Christopher Nolan’s ‘Oppenheimer’,https://www.hollywoodreporter.com/business/business-news/imax-third-quarter-earnings-revenue-oppenheimer-1235627241/,2023-10-25 12:05:27,2,KillerCroc1234567
Favorite times a movie incorporated sound effects into the soundtrack?,https://www.reddit.com/r/movies/comments/17i4g79/favorite_times_a_movie_incorporated_sound_effects/,2023-10-28 02:54:29,9,GentlemanTwain
I just want Ryan Gosling to be in a reboot of The Naked Gun movies,https://www.reddit.com/r/movies/comments/17iha47/i_just_want_ryan_gosling_to_be_in_a_reboot_of_the/,2023-10-28 16:23:18,48,drdrshsh
"What happened to ""one for them, one for me"" from filmmakers?",https://www.reddit.com/r/movies/comments/17hq5l9/what_happened_to_one_for_them_one_for_me_from/,2023-10-27 15:30:33,267,tannu28
Everything's Exploding: Hiroshima mon amour After Oppenheimer,https://thebattleground.eu/2023/10/19/everythings-exploding/,2023-10-19 17:21:28,0,Pilast
"Incredibly, informative interview about Oppenheimer and Taylor Swift saving theaters with Christopher Nolan & Emma Thomas.",https://www.youtube.com/watch?v=XABIUN2Whrs,2023-10-19 04:50:20,3,PoeBangangeron
What 2023 movies should I see?,https://www.reddit.com/r/movies/comments/17aaibn/what_2023_movies_should_i_see/,2023-10-17 22:21:40,50,---t-r-a-s-h---
The Wizard of Oz (1939),https://www.reddit.com/r/movies/comments/17dtks0/the_wizard_of_oz_1939/,2023-10-22 13:42:15,10,Fan387
Christopher Nolan To Be Lauded For ‘Oppenheimer’ By The Federation of American Scientists,https://deadline.com/2023/10/christopher-nolan-oppenheimer-federation-of-american-scientists-awards-1235569081/,2023-10-10 19:41:42,265,Key_Damage_9220
Media studies questionnaires about films and their marketing.,https://www.reddit.com/r/movies/comments/17bfzhb/media_studies_questionnaires_about_films_and/,2023-10-19 10:30:41,1,millie_8276
"Margot Robbie and Ryan Gosling’s First ‘Barbie’ Reunion Is an ‘Ocean’s 11’ Prequel, and Its Producer Is Hoping for Even ‘More Projects’ Starring Them",https://variety.com/2023/film/news/margot-robbie-ryan-gosling-oceans-11-prequel-barbie-1235750980/,2023-10-10 19:40:51,539,indig0sixalpha
"Hi! I'm Jason Guerrasio, I write about all things movies for Insider, AMA!",https://www.reddit.com/r/movies/comments/170k9lu/hi_im_jason_guerrasio_i_write_about_all_things/,2023-10-05 15:03:48,27,thisisinsider
Golden Globes Predictions: Six-Nominee Expansion Adds Opportunity For More ‘Barbenheimer’ Actors,https://variety.com/lists/2024-golden-globes-awards-predictions/,2023-09-30 01:37:54,3,thetrilogy911
‘Barbie’ Director Greta Gerwig Tapped as Guest Artistic Director for AFI Fest,https://www.hollywoodreporter.com/movies/movie-news/barbie-greta-gerwig-2023-afi-fest-artistic-director-1235606114/,2023-10-02 20:23:53,34,NatinalListen
Mattel Films Tapped Robbie Brenner As President Following The Massive Success Of Its Live-Action Smash Hit Barbie,https://deadline.com/2023/09/robbie-brenner-mattel-films-1235557672/,2023-09-27 21:17:59,117,lowell2017
Top-11 Pangrammacy at U.S. Box Office This Past Weekend,https://www.reddit.com/r/movies/comments/16s4rix/top11_pangrammacy_at_us_box_office_this_past/,2023-09-25 21:37:00,1,harshec
The 2024 Best Supporting Actor Oscar might be going to a comedic performance for the first time in nearly thirty years,https://www.reddit.com/r/movies/comments/16vpgpl/the_2024_best_supporting_actor_oscar_might_be/,2023-09-29 22:26:42,9,Emperor_Zurg
"What performance by an actor/actress, that was short, left a strong impact/sold you?",https://www.reddit.com/r/movies/comments/16rdspd/what_performance_by_an_actoractress_that_was/,2023-09-25 00:39:02,1078,KrimsonKabuto
The Umbrellas of Cherbourg (1964),https://www.reddit.com/r/movies/comments/16o9z9l/the_umbrellas_of_cherbourg_1964/,2023-09-21 08:02:27,1,Fan387
‘Barbie’ Sets Oscar Campaign for Original Screenplay — Will the Academy Agree? (EXCLUSIVE),https://variety.com/2023/film/awards/greta-gerwig-noah-baumbach-barbie-original-screenplay-oscar-1235722680/,2023-09-13 20:36:13,193,lawrencedun2002
Which movie ISN'T the hero's journey?,https://www.reddit.com/r/movies/comments/16k6nag/which_movie_isnt_the_heros_journey/,2023-09-16 12:42:25,655,Ok-Impress-2222
Recreating the Nuclear Explosion from Oppenheimer with zero CGI.,https://www.youtube.com/watch?v=o2FqU2f6DRc,2023-09-11 02:49:23,4,Minifig81
Movies that are genuinely positive,https://www.reddit.com/r/movies/comments/16lygvo/movies_that_are_genuinely_positive/,2023-09-18 15:23:13,89,GeorgeNewmanTownTalk
Movies that challenge our ego/self perception?,https://www.reddit.com/r/movies/comments/16l2bwa/movies_that_challenge_our_egoself_perception/,2023-09-17 14:37:18,15,Berenstain_Bro
American Fiction and Nicolas Cage's new comedy Dream Scenario are receiving rave reviews after screening,https://www.reddit.com/r/movies/comments/16fv6in/american_fiction_and_nicolas_cages_new_comedy/,2023-09-11 13:22:51,1,HouseOfYass
What movies are you REALLY excited for in coming times ?,https://www.reddit.com/r/movies/comments/16dbe5n/what_movies_are_you_really_excited_for_in_coming/,2023-09-08 14:00:06,48,lordofabyss
What’s a scene in a comedy you otherwise loved where you felt like you were waiting it out more than you were enjoying it?,https://www.reddit.com/r/movies/comments/16i6p42/whats_a_scene_in_a_comedy_you_otherwise_loved/,2023-09-14 02:46:09,11,Deep_Conflict_7047
Who are some actors that don't get talked about enough? I vote Matthew Modine.,https://www.reddit.com/r/movies/comments/16fca9w/who_are_some_actors_that_dont_get_talked_about/,2023-09-10 21:26:47,370,Gueulemer
"These are the top 500 movies of all time, according to data from 30 websites",https://www.reddit.com/r/movies/comments/16gz2t0/these_are_the_top_500_movies_of_all_time/,2023-09-12 18:32:00,15,ReelStats
"Oppenheimer, Mission: Impossible and the Cost of Downplaying VFX",https://www.hollywoodreporter.com/movies/movie-features/oppenheimer-mission-impossible-vfx-1235579422/,2023-09-01 20:30:47,9,willdearborn-
What are some movies to help me through my existential crisis?,https://www.reddit.com/r/movies/comments/16brii7/what_are_some_movies_to_help_me_through_my/,2023-09-06 18:15:08,196,pierogzz
Top courtroom drama movies suggestions,https://www.reddit.com/r/movies/comments/169nimu/top_courtroom_drama_movies_suggestions/,2023-09-04 09:34:53,56,seplling_mistake
What are some of the worst movie takes you have ever heard?,https://www.reddit.com/r/movies/comments/168gmgn/what_are_some_of_the_worst_movie_takes_you_have/,2023-09-02 23:00:00,5876,itcamefromtheimgur
What is your favorite use of music in a movie trailer?,https://www.reddit.com/r/movies/comments/1695s5d/what_is_your_favorite_use_of_music_in_a_movie/,2023-09-03 19:25:20,98,Ahoy_Mate2
Wich actors/actress have more than one iconic characters?,https://www.reddit.com/r/movies/comments/16b5f8c/wich_actorsactress_have_more_than_one_iconic/,2023-09-06 00:29:36,162,Unsponsoredbitch
What movies should never have (or should not have had) a sequel and become a franchise?,https://www.reddit.com/r/movies/comments/1698n39/what_movies_should_never_have_or_should_not_have/,2023-09-03 21:18:06,630,crawthumper
Extremely pink movies?,https://www.reddit.com/r/movies/comments/169eeld/extremely_pink_movies/,2023-09-04 01:30:14,30,worldeater94
What's the best opening scene of the year so far?,https://www.reddit.com/r/movies/comments/163uwee/whats_the_best_opening_scene_of_the_year_so_far/,2023-08-28 19:07:03,21,Bruhmangoddman
What historical figure should have a movie but doesn't?,https://www.reddit.com/r/movies/comments/166egp9/what_historical_figure_should_have_a_movie_but/,2023-08-31 15:36:21,105,23Kstqr
"Oscars: Best Picture — With ‘Dune 2’ Delayed, ‘Oppenheimer’ Benefits in Awards Race",https://variety.com/feature/2024-oscars-best-picture-predictions-1235612119/,2023-08-25 02:09:40,11,prsnreddit
‘Barbie’ To Play Imax Theaters This Fall With New Post Credit Footage,https://deadline.com/2023/08/barbie-imax-1235526602/,2023-08-23 23:17:59,291,Key_Damage_9220
LITTLE WOMEN 2019 AFTERTHOUGHTS,https://www.reddit.com/r/movies/comments/16635bz/little_women_2019_afterthoughts/,2023-08-31 06:27:43,8,PracticeMotor4727
70mm: From Oklahoma to Oppenheimer,https://www.youtube.com/watch?v=rKvaBc1eVlY&ab_channel=AnalogResurgence,2023-08-19 00:35:09,3,RKRagan
This week my stance was solidified and strengthened; Not even the highest budget home set up can beat the theatre experience for me.,https://www.reddit.com/r/movies/comments/1622fuk/this_week_my_stance_was_solidified_and/,2023-08-26 18:18:44,6,BillyBurden2Society
What actor has had the most range?,https://www.reddit.com/r/movies/comments/15wkf5o/what_actor_has_had_the_most_range/,2023-08-20 19:27:04,1654,BrokkenArrow
‘Barbie’ Surpasses ‘The Dark Knight’ as Warner Bros. Highest-Grossing Domestic Release,https://variety.com/2023/film/box-office/barbie-warner-bros-biggest-movie-us-beats-dark-knight-1235697702/,2023-08-16 14:16:46,2408,Key_Damage_9220
"Inside the ‘Oppenheimer’ Imax 70mm Craze: Fans Crossing State Lines, the Search for New Projectors and More",https://variety.com/2023/film/news/oppenheimer-imax-70mm-craze-projectors-1235697085/,2023-08-16 17:57:16,57,Officialnoah
Barbie banned from Algerian cinemas for corrupting morals,https://www.bbc.com/news/world-africa-66509577,2023-08-15 12:53:02,94,Sisiwakanamaru
Appreciation post: Gosford Park (2001),https://www.reddit.com/r/movies/comments/15wdsoz/appreciation_post_gosford_park_2001/,2023-08-20 15:06:15,30,joygirl007
What movies in your lifetime had the most amazing marketing?,https://www.reddit.com/r/movies/comments/15v3zgn/what_movies_in_your_lifetime_had_the_most_amazing/,2023-08-19 02:36:23,66,mindpieces
What do you think is one of the best all-time ensemble cast movies?,https://www.reddit.com/r/movies/comments/15v1g3v/what_do_you_think_is_one_of_the_best_alltime/,2023-08-19 00:36:31,759,Paracortex
"I (tried) to improve the timeline of World War II movies that was initially done and posted by another Redditor a few months back, let me know what you think.",https://www.reddit.com/r/movies/comments/15wsd4p/i_tried_to_improve_the_timeline_of_world_war_ii/,2023-08-21 00:48:06,15,BodybuilderKey8931
"27 Years Later, The Director Of A Groundbreaking Disaster Thriller Insists “It’s A Movie That Cannot Be Remade” - Jan de Bont wasn’t consulted about the Hollywood sequel to his 1996 disaster movie, ‘Twister’, but he’s cautiously optimistic that 2024's ‘Twisters’ could be the next Barbie.",https://www.inverse.com/entertainment/twister-movie-sequel-twisters-jan-de-bont,2023-08-18 07:36:40,9,lowell2017
What was your own personal “most anticipated” movie?,https://www.reddit.com/r/movies/comments/15s10vo/what_was_your_own_personal_most_anticipated_movie/,2023-08-15 18:45:13,704,acs2808
What is the Best Film You Watched Last Week? (08/09/23-08/16/23),https://www.reddit.com/r/movies/comments/15srl9d/what_is_the_best_film_you_watched_last_week/,2023-08-16 14:34:24,261,Twoweekswithpay
Dan and Drey in Half Nelson,https://www.reddit.com/r/movies/comments/15thvp6/dan_and_drey_in_half_nelson/,2023-08-17 09:02:27,4,Passion211089
‘Oppenheimer’ Extends Imax 70mm Run to August 31 Due to Popular Demand,https://variety.com/2023/film/news/oppenheimer-imax-70mm-extended-tickets-1235689899/,2023-08-07 20:54:30,1355,MarvelsGrantMan136
Kuwait bans 'Barbie' and 'Talk to Me' films to safeguard public ethics and traditions,https://english.alarabiya.net/News/gulf/2023/08/10/Kuwait-bans-Barbie-and-Talk-to-Me-films-to-safeguard-public-ethics-and-traditions,2023-08-10 03:28:11,733,Fan387
War Movies that Focus on Politics?,https://www.reddit.com/r/movies/comments/15q4com/war_movies_that_focus_on_politics/,2023-08-13 17:10:18,54,StartingFreshTO
Oppenheimer: How Christopher Nolan’s Movie Embraces the Many Layers and Contradictions of the Father of the Atomic Bomb,http://www.tasteofcinema.com/2023/10-reasons-why-oppenheimer-is-a-modern-masterpiece/#comments,2023-08-07 15:49:00,70,lebronjamesgoat1
"Why ‘Barbie’'s Magic Isn't Easy To Recapture For Rest Of The Mattel Cinematic Universe -While sequel to $1 billion hit is long way off (if even possible), Warner is keeping the Mattel movie boom momentum going by pushing forward 'Hot Wheels' & Hollywood questions which toys can actually become hits.",https://www.hollywoodreporter.com/movies/movie-features/barbie-a-mattel-movie-boom-1235560147/,2023-08-10 14:12:08,693,lowell2017
‘Barbie’ Sets Release in Saudi Arabia and More Territories After Potential Ban in Middle East,https://variety.com/2023/film/news/barbie-theatrical-release-middle-east-potential-ban-1235690791/,2023-08-08 15:00:24,9,Key_Damage_9220
'Barbie' Officially Passes $1 Billion Globally; Greta Gerwig Becomes First Solo Female Director to Reach the Milestone,https://www.hollywoodreporter.com/movies/movie-news/barbie-box-office-crosses-1b-slays-turtles-meg-1235551691/,2023-08-06 14:44:36,3162,MarvelsGrantMan136
The Wind that Shakes the Barley - missing interview?,https://www.reddit.com/r/movies/comments/15o04r2/the_wind_that_shakes_the_barley_missing_interview/,2023-08-11 05:45:26,4,cathybrokeit12
Films that were better than they had any right to be,https://www.reddit.com/r/movies/comments/15o22fz/films_that_were_better_than_they_had_any_right_to/,2023-08-11 07:33:40,1740,HobbyistC
Canadian Movie Theatres Rant,https://www.reddit.com/r/movies/comments/15nvy0o/canadian_movie_theatres_rant/,2023-08-11 02:19:16,7,sbsp13668
What are your favorite movie scores/soundtracks to listen to while studying/working?,https://www.reddit.com/r/movies/comments/15m6dk6/what_are_your_favorite_movie_scoressoundtracks_to/,2023-08-09 05:51:27,19,AnswerProud7961
Just experienced something no movie ever managed to before,https://www.reddit.com/r/movies/comments/15l7kg3/just_experienced_something_no_movie_ever_managed/,2023-08-08 04:33:02,84,Tonythecritic
What is the Best Film You Watched Last Week? (08/02/23-08/09/23),https://www.reddit.com/r/movies/comments/15mgyay/what_is_the_best_film_you_watched_last_week/,2023-08-09 14:30:02,276,Twoweekswithpay
"The Best World War II Movies Made in the Last 30 Years, from ‘Oppenheimer’ to ‘Inglourious Basterds’ to ‘Schindler's List’",https://www.indiewire.com/features/best-of/best-world-war-2-movies-oppenheimer-1201714330/,2023-08-03 03:07:58,57,mrnicegy26
Film Studies Ideas for Middle Schoolers?,https://www.reddit.com/r/movies/comments/15maary/film_studies_ideas_for_middle_schoolers/,2023-08-09 09:29:20,11,Budloopy4
"Oscars Predictions 2024: ‘Oppenheimer,’ ‘Barbie’ Among Blockbuster Movies Vying for Awards Season Consideration",https://variety.com/lists/2024-oscar-predictions/,2023-07-22 16:58:59,314,lawrencedun2002
Lars and the Real Girl,https://www.reddit.com/r/movies/comments/15ka53h/lars_and_the_real_girl/,2023-08-07 04:22:21,57,Diogodarkness1
Anyone in uk have cineworld unlimited?,https://www.reddit.com/r/movies/comments/15lb119/anyone_in_uk_have_cineworld_unlimited/,2023-08-08 07:35:09,25,SSJmole
What’s a movie that had you sit and think about life after it was over?,https://www.reddit.com/r/movies/comments/15iuuuc/whats_a_movie_that_had_you_sit_and_think_about/,2023-08-05 12:47:55,252,organicdumbass
Movies with world war happening in the background but is not main focus? Was rewatching IP man last day and although he is the main focus the background stuff going on had a good impact on the movie.,https://www.reddit.com/r/movies/comments/15jhywl/movies_with_world_war_happening_in_the_background/,2023-08-06 06:07:09,98,Abhinav_C_Raj
‘Barbie’ Release Postponed in Middle East as Potential Ban Looms in Saudi Arabia and More Territories,https://variety.com/2023/film/global/barbie-postponed-middle-east-ban-saudi-arabia-1235684620/,2023-08-01 17:33:08,973,Chemical-Ad-2694
Movies where you had no idea who was playing a character until the credits even though you know the actor,https://www.reddit.com/r/movies/comments/15iu045/movies_where_you_had_no_idea_who_was_playing_a/,2023-08-05 12:06:00,71,Kind_Bullfrog_4073
Official Discussion Megathread (Barbie / Oppenheimer / They Cloned Tyrone / The Beanie Bubble),https://www.reddit.com/r/movies/comments/1567651/official_discussion_megathread_barbie_oppenheimer/,2023-07-22 02:04:44,0,LiteraryBoner
I've made a list of WW2 movies and put them in chronological order.,https://www.reddit.com/r/movies/comments/15klf3p/ive_made_a_list_of_ww2_movies_and_put_them_in/,2023-08-07 13:54:40,935,Mike_v_E
"Mutant Mayhem: ""Heroes in a half shell"": The tactile appeal of the original ""Ninja Turtles"" toys can't be beat",https://www.reddit.com/r/movies/comments/15jrzig/mutant_mayhem_heroes_in_a_half_shell_the_tactile/,2023-08-06 15:11:38,8,But_I_Made_Punch
I love Hoyte Van Hoytema,https://www.reddit.com/r/movies/comments/15gaz2r/i_love_hoyte_van_hoytema/,2023-08-02 14:52:23,1,Cat-dad442
What Real-Life War Stories Would Make Good Movies?,https://www.reddit.com/r/movies/comments/15hpnez/what_reallife_war_stories_would_make_good_movies/,2023-08-04 04:11:09,33,Gemnist
What is the Best Film You Watched Last Week? (07/26/23-08/02/23),https://www.reddit.com/r/movies/comments/15gaf2a/what_is_the_best_film_you_watched_last_week/,2023-08-02 14:30:04,128,Twoweekswithpay
"WarnerDiscovery Narrows Streaming Loss To $3M, Ups Post-Merger Cost Savings Target To $5B+ - Barbie marketing costs & 'The Flash''s performance compared to hit 'The Batman' dragged down Studios unit in Q2, advertising revenue fell less than expected, & company plans to retire up to $2.7B in debt.",https://www.hollywoodreporter.com/business/business-news/warner-bros-discovery-streaming-profit-subscribers-cost-savings-debt-1235548582/,2023-08-03 11:19:24,12,lowell2017
Movies where the core themes or messages are wildly misinterpreted by the majority of the audience?,https://www.reddit.com/r/movies/comments/15ib03g/movies_where_the_core_themes_or_messages_are/,2023-08-04 20:32:24,20,Squashua2021
The cost of screening rights of older movies,https://www.reddit.com/r/movies/comments/15e08qd/the_cost_of_screening_rights_of_older_movies/,2023-07-30 23:42:17,9,Sherlo-
"Oscars Predictions: Best Actress – Margot Robbie’s ‘Barbie’ Performance Is Worthy ‘Kenough’ for Awards Consideration, but Will Voters Agree",https://variety.com/feature/2024-oscars-best-actress-predictions-1235678121/,2023-07-30 21:42:43,53,thetrilogy911
Physical film flickering (35mm),https://www.reddit.com/r/movies/comments/15fgtg2/physical_film_flickering_35mm/,2023-08-01 16:06:45,12,Pieter_VM
Why did “Asteroid City” get so little press coverage?,https://www.reddit.com/r/movies/comments/159tjbu/why_did_asteroid_city_get_so_little_press_coverage/,2023-07-26 02:55:10,159,Better-Literature-56
Story within a story?,https://www.reddit.com/r/movies/comments/15fotpq/story_within_a_story/,2023-08-01 21:06:30,23,StrephRen
Half in the Bag: Oppenheimer and The Hollywood Implosion,https://youtu.be/k3irn5SxXLA,2023-07-24 10:24:19,266,bitbot
"Are there any other movies that used the technique Emmerich's 2012 did where they just encourage the audience to ""Google 2012""?",https://www.reddit.com/r/movies/comments/15g4dqz/are_there_any_other_movies_that_used_the/,2023-08-02 09:40:39,32,of_a_varsity_athlete
"Mattel Execs on Next Hollywood Moves: ‘Barney,’ ‘Polly Pocket’ and ‘Barbie’ Sequels",https://variety.com/2023/film/news/barbie-sequel-mattel-films-barney-hot-wheels-1235680302/,2023-07-26 17:16:14,879,Key_Damage_9220
‘Barbenheimer’ Is a Huge Hollywood Moment and Maybe the Last for a While,https://www.nytimes.com/2023/07/21/movies/barbenheimer-strike.html?smid=nytcore-ios-share&referringSource=articleShare,2023-07-22 02:03:06,1934,ladyem8
The surprising list of actors who were up to play Ken in 'Barbie',https://edition.cnn.com/2023/07/25/entertainment/ken-barbie-actors/index.html,2023-07-27 15:58:27,12,CSmith89
Who is your currently working favourite film composer?,https://www.reddit.com/r/movies/comments/15c10mm/who_is_your_currently_working_favourite_film/,2023-07-28 15:44:24,69,Trnding
What movie can you call “masculine”?,https://www.reddit.com/r/movies/comments/15dr8e3/what_movie_can_you_call_masculine/,2023-07-30 17:31:24,2769,HiMeGoodOrNo
"The National Association of Theatre Owners is projecting that more than 200,000 moviegoers will attend same-day viewings of “Barbie” and “Oppenheimer” at theaters across North America.",https://variety.com/2023/film/news/box-office-barbie-oppenheimer-opening-weekend-estimate-1235673035/,2023-07-19 15:53:19,87,indig0sixalpha
The 'Oppenheimer' Cast Reveals How Christopher Nolan Gave Them Their Role | Around the Table,https://www.youtube.com/watch?v=jF2q-PsLVFI,2023-07-25 18:24:06,3,indig0sixalpha
Barbie: A Motion Picture Marketing Case Study,https://medium.com/startup-stash/barbie-a-masterclass-in-movie-marketing-367aca2cc6e4,2023-07-25 14:50:47,10,longcvsreceipt
What is the best sub-10 minute performance in a movie?,https://www.reddit.com/r/movies/comments/15c5grh/what_is_the_best_sub10_minute_performance_in_a/,2023-07-28 18:38:35,322,EIVNW
"The Prestige, Memento or All Quiet on the Western Front.",https://www.reddit.com/r/movies/comments/15cvh1d/the_prestige_memento_or_all_quiet_on_the_western/,2023-07-29 15:46:37,71,teddypicker90
Official Discussion - Oppenheimer [SPOILERS],https://www.reddit.com/r/movies/comments/155ag1m/official_discussion_oppenheimer_spoilers/,2023-07-21 02:07:53,20591,LiteraryBoner
